"filename", "language", "Markdown", "JSON", "JSON with Comments", "HTML", "TypeScript", "vue", "SCSS", "JavaScript", "YAML", "comment", "blank", "total"
"e:\Code\WhatsPPT\.eslintrc.cjs", "JavaScript", 0, 0, 0, 0, 0, 0, 0, 75, 0, 1, 2, 78
"e:\Code\WhatsPPT\.github\ISSUE_TEMPLATE\bug_report.md", "Markdown", 20, 0, 0, 0, 0, 0, 0, 0, 0, 0, 3, 23
"e:\Code\WhatsPPT\.github\ISSUE_TEMPLATE\feature_request.md", "Markdown", 12, 0, 0, 0, 0, 0, 0, 0, 0, 0, 1, 13
"e:\Code\WhatsPPT\.github\workflows\deploy.yml", "YAML", 0, 0, 0, 0, 0, 0, 0, 0, 25, 0, 6, 31
"e:\Code\WhatsPPT\README.md", "Markdown", 195, 0, 0, 0, 0, 0, 0, 0, 0, 0, 27, 222
"e:\Code\WhatsPPT\README_zh.md", "Markdown", 186, 0, 0, 0, 0, 0, 0, 0, 0, 0, 21, 207
"e:\Code\WhatsPPT\commitlint.config.cjs", "JavaScript", 0, 0, 0, 0, 0, 0, 0, 7, 0, 13, 0, 20
"e:\Code\WhatsPPT\doc\AIPPT.md", "Markdown", 49, 0, 0, 0, 0, 0, 0, 0, 0, 0, 6, 55
"e:\Code\WhatsPPT\doc\Canvas.md", "Markdown", 63, 0, 0, 0, 0, 0, 0, 0, 0, 0, 4, 67
"e:\Code\WhatsPPT\doc\CustomElement.md", "Markdown", 368, 0, 0, 0, 0, 0, 0, 0, 0, 0, 47, 415
"e:\Code\WhatsPPT\doc\DirectoryAndData.md", "Markdown", 32, 0, 0, 0, 0, 0, 0, 0, 0, 0, 5, 37
"e:\Code\WhatsPPT\doc\Q&A.md", "Markdown", 80, 0, 0, 0, 0, 0, 0, 0, 0, 0, 78, 158
"e:\Code\WhatsPPT\env.d.ts", "TypeScript", 0, 0, 0, 0, 0, 0, 0, 0, 0, 2, 1, 3
"e:\Code\WhatsPPT\index.html", "HTML", 0, 0, 0, 61, 0, 0, 0, 0, 0, 0, 3, 64
"e:\Code\WhatsPPT\package-lock.json", "JSON", 0, 9325, 0, 0, 0, 0, 0, 0, 0, 0, 1, 9326
"e:\Code\WhatsPPT\package.json", "JSON", 0, 74, 0, 0, 0, 0, 0, 0, 0, 0, 1, 75
"e:\Code\WhatsPPT\public\mocks\AIPPT.json", "JSON", 0, 475, 0, 0, 0, 0, 0, 0, 0, 0, 0, 475
"e:\Code\WhatsPPT\public\mocks\AIPPT_Outline.md", "Markdown", 64, 0, 0, 0, 0, 0, 0, 0, 0, 0, 5, 69
"e:\Code\WhatsPPT\public\mocks\slides.json", "JSON", 0, 184, 0, 0, 0, 0, 0, 0, 0, 0, 0, 184
"e:\Code\WhatsPPT\public\mocks\template_1.json", "JSON", 0, 8123, 0, 0, 0, 0, 0, 0, 0, 0, 0, 8123
"e:\Code\WhatsPPT\public\mocks\template_2.json", "JSON", 0, 8690, 0, 0, 0, 0, 0, 0, 0, 0, 0, 8690
"e:\Code\WhatsPPT\public\mocks\template_3.json", "JSON", 0, 1, 0, 0, 0, 0, 0, 0, 0, 0, 0, 1
"e:\Code\WhatsPPT\public\mocks\template_csg.json", "JSON", 0, 4688, 0, 0, 0, 0, 0, 0, 0, 0, 1, 4689
"e:\Code\WhatsPPT\src\App.vue", "vue", 0, 0, 0, 0, 0, 67, 0, 0, 0, 0, 13, 80
"e:\Code\WhatsPPT\src\assets\styles\font.scss", "SCSS", 0, 0, 0, 0, 0, 0, 8, 0, 0, 0, 1, 9
"e:\Code\WhatsPPT\src\assets\styles\global.scss", "SCSS", 0, 0, 0, 0, 0, 0, 120, 0, 0, 0, 19, 139
"e:\Code\WhatsPPT\src\assets\styles\mixin.scss", "SCSS", 0, 0, 0, 0, 0, 0, 36, 0, 0, 0, 6, 42
"e:\Code\WhatsPPT\src\assets\styles\prosemirror.scss", "SCSS", 0, 0, 0, 0, 0, 0, 90, 0, 0, 0, 12, 102
"e:\Code\WhatsPPT\src\assets\styles\variable.scss", "SCSS", 0, 0, 0, 0, 0, 0, 10, 0, 0, 0, 3, 13
"e:\Code\WhatsPPT\src\components.d.ts", "TypeScript", 0, 0, 0, 0, 5, 0, 0, 0, 0, 0, 2, 7
"e:\Code\WhatsPPT\src\components\Button.vue", "vue", 0, 0, 0, 0, 0, 106, 0, 0, 0, 0, 10, 116
"e:\Code\WhatsPPT\src\components\ButtonGroup.vue", "vue", 0, 0, 0, 0, 0, 76, 0, 0, 0, 0, 10, 86
"e:\Code\WhatsPPT\src\components\Checkbox.vue", "vue", 0, 0, 0, 0, 0, 99, 0, 0, 0, 0, 10, 109
"e:\Code\WhatsPPT\src\components\CheckboxButton.vue", "vue", 0, 0, 0, 0, 0, 19, 0, 0, 0, 0, 2, 21
"e:\Code\WhatsPPT\src\components\ColorButton.vue", "vue", 0, 0, 0, 0, 0, 39, 0, 0, 0, 0, 3, 42
"e:\Code\WhatsPPT\src\components\ColorPicker\Alpha.vue", "vue", 0, 0, 0, 0, 0, 95, 0, 0, 0, 0, 12, 107
"e:\Code\WhatsPPT\src\components\ColorPicker\Checkboard.vue", "vue", 0, 0, 0, 0, 0, 49, 0, 0, 0, 0, 11, 60
"e:\Code\WhatsPPT\src\components\ColorPicker\EditableInput.vue", "vue", 0, 0, 0, 0, 0, 62, 0, 0, 0, 0, 8, 70
"e:\Code\WhatsPPT\src\components\ColorPicker\Hue.vue", "vue", 0, 0, 0, 0, 0, 104, 0, 0, 0, 0, 13, 117
"e:\Code\WhatsPPT\src\components\ColorPicker\Saturation.vue", "vue", 0, 0, 0, 0, 0, 96, 0, 0, 0, 0, 12, 108
"e:\Code\WhatsPPT\src\components\ColorPicker\index.vue", "vue", 0, 0, 0, 0, 0, 384, 0, 0, 0, 0, 59, 443
"e:\Code\WhatsPPT\src\components\Contextmenu\MenuContent.vue", "vue", 0, 0, 0, 0, 0, 125, 0, 0, 0, 0, 12, 137
"e:\Code\WhatsPPT\src\components\Contextmenu\index.vue", "vue", 0, 0, 0, 0, 0, 69, 0, 0, 0, 0, 11, 80
"e:\Code\WhatsPPT\src\components\Contextmenu\types.ts", "TypeScript", 0, 0, 0, 0, 13, 0, 0, 0, 0, 0, 1, 14
"e:\Code\WhatsPPT\src\components\Divider.vue", "vue", 0, 0, 0, 0, 0, 32, 0, 0, 0, 0, 2, 34
"e:\Code\WhatsPPT\src\components\Drawer.vue", "vue", 0, 0, 0, 0, 0, 115, 0, 0, 0, 0, 11, 126
"e:\Code\WhatsPPT\src\components\FileInput.vue", "vue", 0, 0, 0, 0, 0, 39, 0, 0, 0, 0, 6, 45
"e:\Code\WhatsPPT\src\components\FullscreenSpin.vue", "vue", 0, 0, 0, 0, 0, 68, 0, 0, 0, 0, 3, 71
"e:\Code\WhatsPPT\src\components\GradientBar.vue", "vue", 0, 0, 0, 0, 0, 124, 0, 0, 0, 0, 25, 149
"e:\Code\WhatsPPT\src\components\Input.vue", "vue", 0, 0, 0, 0, 0, 121, 0, 0, 0, 0, 15, 136
"e:\Code\WhatsPPT\src\components\LaTeXEditor\FormulaContent.vue", "vue", 0, 0, 0, 0, 0, 50, 0, 0, 0, 0, 7, 57
"e:\Code\WhatsPPT\src\components\LaTeXEditor\SymbolContent.vue", "vue", 0, 0, 0, 0, 0, 17, 0, 0, 0, 0, 4, 21
"e:\Code\WhatsPPT\src\components\LaTeXEditor\hfmath.ts", "TypeScript", 0, 0, 0, 0, 3, 0, 0, 0, 0, 0, 2, 5
"e:\Code\WhatsPPT\src\components\LaTeXEditor\index.vue", "vue", 0, 0, 0, 0, 0, 241, 0, 0, 0, 0, 24, 265
"e:\Code\WhatsPPT\src\components\Message.vue", "vue", 0, 0, 0, 0, 0, 166, 0, 0, 0, 0, 16, 182
"e:\Code\WhatsPPT\src\components\Modal.vue", "vue", 0, 0, 0, 0, 0, 136, 0, 0, 0, 0, 18, 154
"e:\Code\WhatsPPT\src\components\MoveablePanel.vue", "vue", 0, 0, 0, 0, 0, 187, 0, 0, 0, 0, 33, 220
"e:\Code\WhatsPPT\src\components\NumberInput.vue", "vue", 0, 0, 0, 0, 0, 180, 0, 0, 0, 0, 21, 201
"e:\Code\WhatsPPT\src\components\OutlineEditor.vue", "vue", 0, 0, 0, 0, 0, 309, 0, 0, 0, 0, 35, 344
"e:\Code\WhatsPPT\src\components\Popover.vue", "vue", 0, 0, 0, 0, 0, 92, 0, 0, 0, 0, 11, 103
"e:\Code\WhatsPPT\src\components\PopoverMenuItem.vue", "vue", 0, 0, 0, 0, 0, 33, 0, 0, 0, 0, 5, 38
"e:\Code\WhatsPPT\src\components\RadioButton.vue", "vue", 0, 0, 0, 0, 0, 22, 0, 0, 0, 0, 4, 26
"e:\Code\WhatsPPT\src\components\RadioGroup.vue", "vue", 0, 0, 0, 0, 0, 28, 0, 0, 0, 0, 7, 35
"e:\Code\WhatsPPT\src\components\Select.vue", "vue", 0, 0, 0, 0, 0, 187, 0, 0, 0, 0, 17, 204
"e:\Code\WhatsPPT\src\components\SelectCustom.vue", "vue", 0, 0, 0, 0, 0, 112, 0, 0, 0, 0, 8, 120
"e:\Code\WhatsPPT\src\components\SelectGroup.vue", "vue", 0, 0, 0, 0, 0, 46, 0, 0, 0, 0, 8, 54
"e:\Code\WhatsPPT\src\components\Slider.vue", "vue", 0, 0, 0, 0, 0, 244, 0, 0, 0, 0, 36, 280
"e:\Code\WhatsPPT\src\components\Switch.vue", "vue", 0, 0, 0, 0, 0, 75, 0, 0, 0, 0, 9, 84
"e:\Code\WhatsPPT\src\components\Tabs.vue", "vue", 0, 0, 0, 0, 0, 95, 0, 0, 0, 0, 13, 108
"e:\Code\WhatsPPT\src\components\TextArea.vue", "vue", 0, 0, 0, 0, 0, 83, 0, 0, 0, 0, 11, 94
"e:\Code\WhatsPPT\src\components\TextColorButton.vue", "vue", 0, 0, 0, 0, 0, 34, 0, 0, 0, 0, 4, 38
"e:\Code\WhatsPPT\src\components\WritingBoard.vue", "vue", 0, 0, 0, 0, 0, 309, 0, 0, 0, 0, 50, 359
"e:\Code\WhatsPPT\src\configs\animation.ts", "TypeScript", 0, 0, 0, 0, 228, 0, 0, 0, 0, 0, 6, 234
"e:\Code\WhatsPPT\src\configs\chart.ts", "TypeScript", 0, 0, 0, 0, 67, 0, 0, 0, 0, 0, 3, 70
"e:\Code\WhatsPPT\src\configs\element.ts", "TypeScript", 0, 0, 0, 0, 21, 0, 0, 0, 0, 0, 1, 22
"e:\Code\WhatsPPT\src\configs\font.ts", "TypeScript", 0, 0, 0, 0, 25, 0, 0, 0, 0, 0, 0, 25
"e:\Code\WhatsPPT\src\configs\hotkey.ts", "TypeScript", 0, 0, 0, 0, 147, 0, 0, 0, 0, 0, 2, 149
"e:\Code\WhatsPPT\src\configs\imageClip.ts", "TypeScript", 0, 0, 0, 0, 178, 0, 0, 0, 0, 0, 3, 181
"e:\Code\WhatsPPT\src\configs\latex.ts", "TypeScript", 0, 0, 0, 0, 273, 0, 0, 0, 0, 0, 1, 274
"e:\Code\WhatsPPT\src\configs\lines.ts", "TypeScript", 0, 0, 0, 0, 35, 0, 0, 0, 0, 0, 4, 39
"e:\Code\WhatsPPT\src\configs\shapes.ts", "TypeScript", 0, 0, 0, 0, 1025, 0, 0, 0, 0, 2, 11, 1038
"e:\Code\WhatsPPT\src\configs\storage.ts", "TypeScript", 0, 0, 0, 0, 1, 0, 0, 0, 0, 0, 0, 1
"e:\Code\WhatsPPT\src\configs\symbol.ts", "TypeScript", 0, 0, 0, 0, 59, 0, 0, 0, 0, 0, 0, 59
"e:\Code\WhatsPPT\src\configs\theme.ts", "TypeScript", 0, 0, 0, 0, 92, 0, 0, 0, 0, 0, 1, 93
"e:\Code\WhatsPPT\src\global.d.ts", "TypeScript", 0, 0, 0, 0, 14, 0, 0, 0, 0, 0, 2, 16
"e:\Code\WhatsPPT\src\hooks\useAIPPT.ts", "TypeScript", 0, 0, 0, 0, 440, 0, 0, 0, 0, 0, 57, 497
"e:\Code\WhatsPPT\src\hooks\useAddSlidesOrElements.ts", "TypeScript", 0, 0, 0, 0, 78, 0, 0, 0, 0, 12, 16, 106
"e:\Code\WhatsPPT\src\hooks\useAlignActiveElement.ts", "TypeScript", 0, 0, 0, 0, 163, 0, 0, 0, 0, 6, 8, 177
"e:\Code\WhatsPPT\src\hooks\useAlignElementToCanvas.ts", "TypeScript", 0, 0, 0, 0, 56, 0, 0, 0, 0, 11, 13, 80
"e:\Code\WhatsPPT\src\hooks\useCombineElement.ts", "TypeScript", 0, 0, 0, 0, 57, 0, 0, 0, 0, 17, 17, 91
"e:\Code\WhatsPPT\src\hooks\useCopyAndPasteElement.ts", "TypeScript", 0, 0, 0, 0, 42, 0, 0, 0, 0, 4, 9, 55
"e:\Code\WhatsPPT\src\hooks\useCreateElement.ts", "TypeScript", 0, 0, 0, 0, 255, 0, 0, 0, 0, 41, 29, 325
"e:\Code\WhatsPPT\src\hooks\useDeleteElement.ts", "TypeScript", 0, 0, 0, 0, 34, 0, 0, 0, 0, 3, 7, 44
"e:\Code\WhatsPPT\src\hooks\useExport.ts", "TypeScript", 0, 0, 0, 0, 771, 0, 0, 0, 0, 12, 91, 874
"e:\Code\WhatsPPT\src\hooks\useGlobalHotkey.ts", "TypeScript", 0, 0, 0, 0, 294, 0, 0, 0, 0, 0, 27, 321
"e:\Code\WhatsPPT\src\hooks\useHideElement.ts", "TypeScript", 0, 0, 0, 0, 30, 0, 0, 0, 0, 0, 5, 35
"e:\Code\WhatsPPT\src\hooks\useHistorySnapshot.ts", "TypeScript", 0, 0, 0, 0, 19, 0, 0, 0, 0, 3, 5, 27
"e:\Code\WhatsPPT\src\hooks\useImport.ts", "TypeScript", 0, 0, 0, 0, 516, 0, 0, 0, 0, 2, 53, 571
"e:\Code\WhatsPPT\src\hooks\useLink.ts", "TypeScript", 0, 0, 0, 0, 31, 0, 0, 0, 0, 0, 6, 37
"e:\Code\WhatsPPT\src\hooks\useLoadSlides.ts", "TypeScript", 0, 0, 0, 0, 24, 0, 0, 0, 0, 0, 6, 30
"e:\Code\WhatsPPT\src\hooks\useLockElement.ts", "TypeScript", 0, 0, 0, 0, 49, 0, 0, 0, 0, 5, 7, 61
"e:\Code\WhatsPPT\src\hooks\useMoveElement.ts", "TypeScript", 0, 0, 0, 0, 48, 0, 0, 0, 0, 6, 7, 61
"e:\Code\WhatsPPT\src\hooks\useOrderElement.ts", "TypeScript", 0, 0, 0, 0, 117, 0, 0, 0, 0, 51, 44, 212
"e:\Code\WhatsPPT\src\hooks\usePasteEvent.ts", "TypeScript", 0, 0, 0, 0, 40, 0, 0, 0, 0, 7, 11, 58
"e:\Code\WhatsPPT\src\hooks\usePasteTextClipboardData.ts", "TypeScript", 0, 0, 0, 0, 65, 0, 0, 0, 0, 22, 11, 98
"e:\Code\WhatsPPT\src\hooks\useScaleCanvas.ts", "TypeScript", 0, 0, 0, 0, 31, 0, 0, 0, 0, 12, 7, 50
"e:\Code\WhatsPPT\src\hooks\useScreening.ts", "TypeScript", 0, 0, 0, 0, 23, 0, 0, 0, 0, 3, 5, 31
"e:\Code\WhatsPPT\src\hooks\useSearch.ts", "TypeScript", 0, 0, 0, 0, 395, 0, 0, 0, 0, 0, 49, 444
"e:\Code\WhatsPPT\src\hooks\useSectionHandler.ts", "TypeScript", 0, 0, 0, 0, 78, 0, 0, 0, 0, 0, 14, 92
"e:\Code\WhatsPPT\src\hooks\useSelectElement.ts", "TypeScript", 0, 0, 0, 0, 23, 0, 0, 0, 0, 2, 6, 31
"e:\Code\WhatsPPT\src\hooks\useShapeFormatPainter.ts", "TypeScript", 0, 0, 0, 0, 24, 0, 0, 0, 0, 0, 5, 29
"e:\Code\WhatsPPT\src\hooks\useSlideBackgroundStyle.ts", "TypeScript", 0, 0, 0, 0, 40, 0, 0, 0, 0, 5, 8, 53
"e:\Code\WhatsPPT\src\hooks\useSlideHandler.ts", "TypeScript", 0, 0, 0, 0, 153, 0, 0, 0, 0, 15, 23, 191
"e:\Code\WhatsPPT\src\hooks\useSlideTheme.ts", "TypeScript", 0, 0, 0, 0, 340, 0, 0, 0, 0, 7, 33, 380
"e:\Code\WhatsPPT\src\hooks\useTextFormatPainter.ts", "TypeScript", 0, 0, 0, 0, 26, 0, 0, 0, 0, 0, 4, 30
"e:\Code\WhatsPPT\src\hooks\useUniformDisplayElement.ts", "TypeScript", 0, 0, 0, 0, 216, 0, 0, 0, 0, 12, 33, 261
"e:\Code\WhatsPPT\src\main.ts", "TypeScript", 0, 0, 0, 0, 16, 0, 0, 0, 0, 0, 4, 20
"e:\Code\WhatsPPT\src\plugins\directive\clickOutside.ts", "TypeScript", 0, 0, 0, 0, 27, 0, 0, 0, 0, 0, 8, 35
"e:\Code\WhatsPPT\src\plugins\directive\contextmenu.ts", "TypeScript", 0, 0, 0, 0, 48, 0, 0, 0, 0, 4, 12, 64
"e:\Code\WhatsPPT\src\plugins\directive\index.ts", "TypeScript", 0, 0, 0, 0, 11, 0, 0, 0, 0, 0, 3, 14
"e:\Code\WhatsPPT\src\plugins\directive\tooltip.scss", "SCSS", 0, 0, 0, 0, 0, 0, 57, 0, 0, 0, 10, 67
"e:\Code\WhatsPPT\src\plugins\directive\tooltip.ts", "TypeScript", 0, 0, 0, 0, 51, 0, 0, 0, 0, 0, 11, 62
"e:\Code\WhatsPPT\src\plugins\icon.ts", "TypeScript", 0, 0, 0, 0, 263, 0, 0, 0, 0, 1, 4, 268
"e:\Code\WhatsPPT\src\services\config.ts", "TypeScript", 0, 0, 0, 0, 27, 0, 0, 0, 0, 0, 6, 33
"e:\Code\WhatsPPT\src\services\index.ts", "TypeScript", 0, 0, 0, 0, 49, 0, 0, 0, 0, 4, 6, 59
"e:\Code\WhatsPPT\src\store\index.ts", "TypeScript", 0, 0, 0, 0, 12, 0, 0, 0, 0, 0, 1, 13
"e:\Code\WhatsPPT\src\store\keyboard.ts", "TypeScript", 0, 0, 0, 0, 29, 0, 0, 0, 0, 0, 4, 33
"e:\Code\WhatsPPT\src\store\main.ts", "TypeScript", 0, 0, 0, 0, 175, 0, 0, 0, 0, 0, 35, 210
"e:\Code\WhatsPPT\src\store\screen.ts", "TypeScript", 0, 0, 0, 0, 14, 0, 0, 0, 0, 0, 3, 17
"e:\Code\WhatsPPT\src\store\slides.ts", "TypeScript", 0, 0, 0, 0, 194, 0, 0, 0, 0, 3, 35, 232
"e:\Code\WhatsPPT\src\store\snapshot.ts", "TypeScript", 0, 0, 0, 0, 94, 0, 0, 0, 0, 9, 27, 130
"e:\Code\WhatsPPT\src\types\AIPPT.ts", "TypeScript", 0, 0, 0, 0, 36, 0, 0, 0, 0, 0, 8, 44
"e:\Code\WhatsPPT\src\types\edit.ts", "TypeScript", 0, 0, 0, 0, 111, 0, 0, 0, 0, 0, 15, 126
"e:\Code\WhatsPPT\src\types\export.ts", "TypeScript", 0, 0, 0, 0, 1, 0, 0, 0, 0, 0, 0, 1
"e:\Code\WhatsPPT\src\types\injectKey.ts", "TypeScript", 0, 0, 0, 0, 10, 0, 0, 0, 0, 0, 2, 12
"e:\Code\WhatsPPT\src\types\mobile.ts", "TypeScript", 0, 0, 0, 0, 1, 0, 0, 0, 0, 0, 0, 1
"e:\Code\WhatsPPT\src\types\slides.ts", "TypeScript", 0, 0, 0, 0, 308, 0, 0, 0, 0, 405, 55, 768
"e:\Code\WhatsPPT\src\types\toolbar.ts", "TypeScript", 0, 0, 0, 0, 10, 0, 0, 0, 0, 0, 0, 10
"e:\Code\WhatsPPT\src\utils\clipboard.ts", "TypeScript", 0, 0, 0, 0, 57, 0, 0, 0, 0, 7, 8, 72
"e:\Code\WhatsPPT\src\utils\common.ts", "TypeScript", 0, 0, 0, 0, 10, 0, 0, 0, 0, 11, 3, 24
"e:\Code\WhatsPPT\src\utils\crypto.ts", "TypeScript", 0, 0, 0, 0, 9, 0, 0, 0, 0, 8, 3, 20
"e:\Code\WhatsPPT\src\utils\database.ts", "TypeScript", 0, 0, 0, 0, 43, 0, 0, 0, 0, 4, 12, 59
"e:\Code\WhatsPPT\src\utils\element.ts", "TypeScript", 0, 0, 0, 0, 181, 0, 0, 0, 0, 44, 23, 248
"e:\Code\WhatsPPT\src\utils\emitter.ts", "TypeScript", 0, 0, 0, 0, 23, 0, 0, 0, 0, 0, 6, 29
"e:\Code\WhatsPPT\src\utils\fullscreen.ts", "TypeScript", 0, 0, 0, 0, 22, 0, 0, 0, 0, 3, 2, 27
"e:\Code\WhatsPPT\src\utils\htmlParser\format.ts", "TypeScript", 0, 0, 0, 0, 42, 0, 0, 0, 0, 0, 5, 47
"e:\Code\WhatsPPT\src\utils\htmlParser\index.ts", "TypeScript", 0, 0, 0, 0, 11, 0, 0, 0, 0, 1, 4, 16
"e:\Code\WhatsPPT\src\utils\htmlParser\lexer.ts", "TypeScript", 0, 0, 0, 0, 239, 0, 0, 0, 0, 0, 36, 275
"e:\Code\WhatsPPT\src\utils\htmlParser\parser.ts", "TypeScript", 0, 0, 0, 0, 115, 0, 0, 0, 0, 0, 14, 129
"e:\Code\WhatsPPT\src\utils\htmlParser\stringify.ts", "TypeScript", 0, 0, 0, 0, 23, 0, 0, 0, 0, 0, 5, 28
"e:\Code\WhatsPPT\src\utils\htmlParser\tags.ts", "TypeScript", 0, 0, 0, 0, 16, 0, 0, 0, 0, 0, 4, 20
"e:\Code\WhatsPPT\src\utils\htmlParser\types.ts", "TypeScript", 0, 0, 0, 0, 55, 0, 0, 0, 0, 0, 15, 70
"e:\Code\WhatsPPT\src\utils\image.ts", "TypeScript", 0, 0, 0, 0, 49, 0, 0, 0, 0, 16, 10, 75
"e:\Code\WhatsPPT\src\utils\message.ts", "TypeScript", 0, 0, 0, 0, 89, 0, 0, 0, 0, 0, 14, 103
"e:\Code\WhatsPPT\src\utils\print.ts", "TypeScript", 0, 0, 0, 0, 74, 0, 0, 0, 0, 0, 13, 87
"e:\Code\WhatsPPT\src\utils\prosemirror\commands\setListStyle.ts", "TypeScript", 0, 0, 0, 0, 25, 0, 0, 0, 0, 0, 6, 31
"e:\Code\WhatsPPT\src\utils\prosemirror\commands\setTextAlign.ts", "TypeScript", 0, 0, 0, 0, 51, 0, 0, 0, 0, 0, 11, 62
"e:\Code\WhatsPPT\src\utils\prosemirror\commands\setTextIndent.ts", "TypeScript", 0, 0, 0, 0, 67, 0, 0, 0, 0, 0, 20, 87
"e:\Code\WhatsPPT\src\utils\prosemirror\commands\toggleList.ts", "TypeScript", 0, 0, 0, 0, 41, 0, 0, 0, 0, 0, 13, 54
"e:\Code\WhatsPPT\src\utils\prosemirror\index.ts", "TypeScript", 0, 0, 0, 0, 29, 0, 0, 0, 0, 0, 3, 32
"e:\Code\WhatsPPT\src\utils\prosemirror\plugins\index.ts", "TypeScript", 0, 0, 0, 0, 25, 0, 0, 0, 0, 0, 6, 31
"e:\Code\WhatsPPT\src\utils\prosemirror\plugins\inputrules.ts", "TypeScript", 0, 0, 0, 0, 50, 0, 0, 0, 0, 0, 13, 63
"e:\Code\WhatsPPT\src\utils\prosemirror\plugins\keymap.ts", "TypeScript", 0, 0, 0, 0, 47, 0, 0, 0, 0, 0, 4, 51
"e:\Code\WhatsPPT\src\utils\prosemirror\plugins\placeholder.ts", "TypeScript", 0, 0, 0, 0, 21, 0, 0, 0, 0, 0, 2, 23
"e:\Code\WhatsPPT\src\utils\prosemirror\schema\index.ts", "TypeScript", 0, 0, 0, 0, 4, 0, 0, 0, 0, 0, 2, 6
"e:\Code\WhatsPPT\src\utils\prosemirror\schema\marks.ts", "TypeScript", 0, 0, 0, 0, 180, 0, 0, 0, 0, 0, 12, 192
"e:\Code\WhatsPPT\src\utils\prosemirror\schema\nodes.ts", "TypeScript", 0, 0, 0, 0, 157, 0, 0, 0, 0, 0, 22, 179
"e:\Code\WhatsPPT\src\utils\prosemirror\utils.ts", "TypeScript", 0, 0, 0, 0, 225, 0, 0, 0, 0, 0, 35, 260
"e:\Code\WhatsPPT\src\utils\selection.ts", "TypeScript", 0, 0, 0, 0, 4, 0, 0, 0, 0, 1, 0, 5
"e:\Code\WhatsPPT\src\utils\svg2Base64.ts", "TypeScript", 0, 0, 0, 0, 46, 0, 0, 0, 0, 1, 8, 55
"e:\Code\WhatsPPT\src\utils\svgPathParser.ts", "TypeScript", 0, 0, 0, 0, 128, 0, 0, 0, 0, 8, 10, 146
"e:\Code\WhatsPPT\src\utils\textParser.ts", "TypeScript", 0, 0, 0, 0, 9, 0, 0, 0, 0, 4, 0, 13
"e:\Code\WhatsPPT\src\views\Editor\AIPPTDialog.vue", "vue", 0, 0, 0, 0, 0, 380, 0, 0, 0, 1, 54, 435
"e:\Code\WhatsPPT\src\views\Editor\CanvasTool\ChartPool.vue", "vue", 0, 0, 0, 0, 0, 57, 0, 0, 0, 0, 11, 68
"e:\Code\WhatsPPT\src\views\Editor\CanvasTool\LinePool.vue", "vue", 0, 0, 0, 0, 0, 102, 0, 0, 0, 0, 10, 112
"e:\Code\WhatsPPT\src\views\Editor\CanvasTool\MediaInput.vue", "vue", 0, 0, 0, 0, 0, 64, 0, 0, 0, 0, 12, 76
"e:\Code\WhatsPPT\src\views\Editor\CanvasTool\ShapeItemThumbnail.vue", "vue", 0, 0, 0, 0, 0, 56, 0, 0, 0, 0, 6, 62
"e:\Code\WhatsPPT\src\views\Editor\CanvasTool\ShapePool.vue", "vue", 0, 0, 0, 0, 0, 57, 0, 0, 0, 0, 6, 63
"e:\Code\WhatsPPT\src\views\Editor\CanvasTool\TableGenerator.vue", "vue", 0, 0, 0, 0, 0, 145, 0, 0, 0, 0, 17, 162
"e:\Code\WhatsPPT\src\views\Editor\CanvasTool\index.vue", "vue", 0, 0, 0, 0, 0, 325, 0, 0, 0, 0, 36, 361
"e:\Code\WhatsPPT\src\views\Editor\Canvas\AlignmentLine.vue", "vue", 0, 0, 0, 0, 0, 42, 0, 0, 0, 0, 7, 49
"e:\Code\WhatsPPT\src\views\Editor\Canvas\EditableElement.vue", "vue", 0, 0, 0, 0, 0, 158, 0, 0, 0, 0, 9, 167
"e:\Code\WhatsPPT\src\views\Editor\Canvas\ElementCreateSelection.vue", "vue", 0, 0, 0, 0, 0, 194, 0, 0, 0, 1, 36, 231
"e:\Code\WhatsPPT\src\views\Editor\Canvas\GridLines.vue", "vue", 0, 0, 0, 0, 0, 53, 0, 0, 0, 0, 8, 61
"e:\Code\WhatsPPT\src\views\Editor\Canvas\LinkDialog.vue", "vue", 0, 0, 0, 0, 0, 110, 0, 0, 0, 0, 20, 130
"e:\Code\WhatsPPT\src\views\Editor\Canvas\MouseSelection.vue", "vue", 0, 0, 0, 0, 0, 43, 0, 0, 0, 0, 3, 46
"e:\Code\WhatsPPT\src\views\Editor\Canvas\Operate\BorderLine.vue", "vue", 0, 0, 0, 0, 0, 66, 0, 0, 0, 0, 6, 72
"e:\Code\WhatsPPT\src\views\Editor\Canvas\Operate\CommonElementOperate.vue", "vue", 0, 0, 0, 0, 0, 56, 0, 0, 0, 0, 8, 64
"e:\Code\WhatsPPT\src\views\Editor\Canvas\Operate\ImageElementOperate.vue", "vue", 0, 0, 0, 0, 0, 59, 0, 0, 0, 0, 8, 67
"e:\Code\WhatsPPT\src\views\Editor\Canvas\Operate\LineElementOperate.vue", "vue", 0, 0, 0, 0, 0, 114, 0, 0, 0, 0, 12, 126
"e:\Code\WhatsPPT\src\views\Editor\Canvas\Operate\LinkHandler.vue", "vue", 0, 0, 0, 0, 0, 67, 0, 0, 0, 0, 7, 74
"e:\Code\WhatsPPT\src\views\Editor\Canvas\Operate\MultiSelectOperate.vue", "vue", 0, 0, 0, 0, 0, 71, 0, 0, 0, 0, 11, 82
"e:\Code\WhatsPPT\src\views\Editor\Canvas\Operate\ResizeHandler.vue", "vue", 0, 0, 0, 0, 0, 80, 0, 0, 0, 0, 5, 85
"e:\Code\WhatsPPT\src\views\Editor\Canvas\Operate\RotateHandler.vue", "vue", 0, 0, 0, 0, 0, 21, 0, 0, 0, 0, 4, 25
"e:\Code\WhatsPPT\src\views\Editor\Canvas\Operate\ShapeElementOperate.vue", "vue", 0, 0, 0, 0, 0, 98, 0, 0, 0, 0, 11, 109
"e:\Code\WhatsPPT\src\views\Editor\Canvas\Operate\TableElementOperate.vue", "vue", 0, 0, 0, 0, 0, 54, 0, 0, 0, 0, 8, 62
"e:\Code\WhatsPPT\src\views\Editor\Canvas\Operate\TextElementOperate.vue", "vue", 0, 0, 0, 0, 0, 54, 0, 0, 0, 0, 7, 61
"e:\Code\WhatsPPT\src\views\Editor\Canvas\Operate\index.vue", "vue", 0, 0, 0, 0, 0, 125, 0, 0, 0, 0, 13, 138
"e:\Code\WhatsPPT\src\views\Editor\Canvas\Ruler.vue", "vue", 0, 0, 0, 0, 0, 180, 0, 0, 0, 0, 19, 199
"e:\Code\WhatsPPT\src\views\Editor\Canvas\ShapeCreateCanvas.vue", "vue", 0, 0, 0, 0, 0, 171, 0, 0, 0, 0, 24, 195
"e:\Code\WhatsPPT\src\views\Editor\Canvas\ViewportBackground.vue", "vue", 0, 0, 0, 0, 0, 28, 0, 0, 0, 0, 5, 33
"e:\Code\WhatsPPT\src\views\Editor\Canvas\hooks\useCommonOperate.ts", "TypeScript", 0, 0, 0, 0, 42, 0, 0, 0, 0, 3, 4, 49
"e:\Code\WhatsPPT\src\views\Editor\Canvas\hooks\useDragElement.ts", "TypeScript", 0, 0, 0, 0, 265, 0, 0, 0, 0, 17, 45, 327
"e:\Code\WhatsPPT\src\views\Editor\Canvas\hooks\useDragLineElement.ts", "TypeScript", 0, 0, 0, 0, 192, 0, 0, 0, 0, 6, 34, 232
"e:\Code\WhatsPPT\src\views\Editor\Canvas\hooks\useDropImageOrText.ts", "TypeScript", 0, 0, 0, 0, 52, 0, 0, 0, 0, 2, 10, 64
"e:\Code\WhatsPPT\src\views\Editor\Canvas\hooks\useInsertFromCreateSelection.ts", "TypeScript", 0, 0, 0, 0, 76, 0, 0, 0, 0, 3, 16, 95
"e:\Code\WhatsPPT\src\views\Editor\Canvas\hooks\useMouseSelection.ts", "TypeScript", 0, 0, 0, 0, 114, 0, 0, 0, 0, 9, 23, 146
"e:\Code\WhatsPPT\src\views\Editor\Canvas\hooks\useMoveShapeKeypoint.ts", "TypeScript", 0, 0, 0, 0, 99, 0, 0, 0, 0, 0, 25, 124
"e:\Code\WhatsPPT\src\views\Editor\Canvas\hooks\useRotateElement.ts", "TypeScript", 0, 0, 0, 0, 72, 0, 0, 0, 0, 9, 19, 100
"e:\Code\WhatsPPT\src\views\Editor\Canvas\hooks\useScaleElement.ts", "TypeScript", 0, 0, 0, 0, 461, 0, 0, 0, 0, 38, 80, 579
"e:\Code\WhatsPPT\src\views\Editor\Canvas\hooks\useSelectElement.ts", "TypeScript", 0, 0, 0, 0, 67, 0, 0, 0, 0, 10, 16, 93
"e:\Code\WhatsPPT\src\views\Editor\Canvas\hooks\useViewportSize.ts", "TypeScript", 0, 0, 0, 0, 93, 0, 0, 0, 0, 7, 24, 124
"e:\Code\WhatsPPT\src\views\Editor\Canvas\index.vue", "vue", 0, 0, 0, 0, 0, 334, 0, 0, 0, 0, 37, 371
"e:\Code\WhatsPPT\src\views\Editor\EditorHeader\HotkeyDoc.vue", "vue", 0, 0, 0, 0, 0, 45, 0, 0, 0, 0, 4, 49
"e:\Code\WhatsPPT\src\views\Editor\EditorHeader\index.vue", "vue", 0, 0, 0, 0, 0, 220, 0, 0, 0, 0, 23, 243
"e:\Code\WhatsPPT\src\views\Editor\ExportDialog\ExportImage.vue", "vue", 0, 0, 0, 0, 0, 167, 0, 0, 0, 0, 18, 185
"e:\Code\WhatsPPT\src\views\Editor\ExportDialog\ExportJSON.vue", "vue", 0, 0, 0, 0, 0, 75, 0, 0, 0, 0, 7, 82
"e:\Code\WhatsPPT\src\views\Editor\ExportDialog\ExportPDF.vue", "vue", 0, 0, 0, 0, 0, 155, 0, 0, 0, 0, 13, 168
"e:\Code\WhatsPPT\src\views\Editor\ExportDialog\ExportPPTX.vue", "vue", 0, 0, 0, 0, 0, 134, 0, 0, 0, 0, 15, 149
"e:\Code\WhatsPPT\src\views\Editor\ExportDialog\ExportSpecificFile.vue", "vue", 0, 0, 0, 0, 0, 117, 0, 0, 0, 0, 13, 130
"e:\Code\WhatsPPT\src\views\Editor\ExportDialog\index.vue", "vue", 0, 0, 0, 0, 0, 61, 0, 0, 0, 0, 9, 70
"e:\Code\WhatsPPT\src\views\Editor\MarkupPanel.vue", "vue", 0, 0, 0, 0, 0, 177, 0, 0, 0, 0, 13, 190
"e:\Code\WhatsPPT\src\views\Editor\NotesPanel.vue", "vue", 0, 0, 0, 0, 0, 312, 0, 0, 0, 0, 39, 351
"e:\Code\WhatsPPT\src\views\Editor\Remark\Editor.vue", "vue", 0, 0, 0, 0, 0, 219, 0, 0, 0, 0, 32, 251
"e:\Code\WhatsPPT\src\views\Editor\Remark\index.vue", "vue", 0, 0, 0, 0, 0, 73, 0, 0, 0, 0, 16, 89
"e:\Code\WhatsPPT\src\views\Editor\SearchPanel.vue", "vue", 0, 0, 0, 0, 0, 139, 0, 0, 0, 0, 12, 151
"e:\Code\WhatsPPT\src\views\Editor\SelectPanel.vue", "vue", 0, 0, 0, 0, 0, 230, 0, 0, 0, 0, 21, 251
"e:\Code\WhatsPPT\src\views\Editor\Thumbnails\Templates.vue", "vue", 0, 0, 0, 0, 0, 169, 0, 0, 0, 0, 24, 193
"e:\Code\WhatsPPT\src\views\Editor\Thumbnails\index.vue", "vue", 0, 0, 0, 0, 0, 471, 0, 0, 0, 0, 57, 528
"e:\Code\WhatsPPT\src\views\Editor\Toolbar\ElementAnimationPanel.vue", "vue", 0, 0, 0, 0, 0, 449, 0, 0, 0, 0, 49, 498
"e:\Code\WhatsPPT\src\views\Editor\Toolbar\ElementPositionPanel.vue", "vue", 0, 0, 0, 0, 0, 276, 0, 0, 0, 0, 40, 316
"e:\Code\WhatsPPT\src\views\Editor\Toolbar\ElementStylePanel\AudioStylePanel.vue", "vue", 0, 0, 0, 0, 0, 68, 0, 0, 0, 0, 9, 77
"e:\Code\WhatsPPT\src\views\Editor\Toolbar\ElementStylePanel\ChartStylePanel\ChartDataEditor.vue", "vue", 0, 0, 0, 0, 0, 490, 0, 0, 0, 0, 60, 550
"e:\Code\WhatsPPT\src\views\Editor\Toolbar\ElementStylePanel\ChartStylePanel\index.vue", "vue", 0, 0, 0, 0, 0, 264, 0, 0, 0, 0, 38, 302
"e:\Code\WhatsPPT\src\views\Editor\Toolbar\ElementStylePanel\ImageStylePanel.vue", "vue", 0, 0, 0, 0, 0, 317, 0, 0, 0, 0, 40, 357
"e:\Code\WhatsPPT\src\views\Editor\Toolbar\ElementStylePanel\LatexStylePanel.vue", "vue", 0, 0, 0, 0, 0, 88, 0, 0, 0, 0, 14, 102
"e:\Code\WhatsPPT\src\views\Editor\Toolbar\ElementStylePanel\LineStylePanel.vue", "vue", 0, 0, 0, 0, 0, 141, 0, 0, 0, 0, 16, 157
"e:\Code\WhatsPPT\src\views\Editor\Toolbar\ElementStylePanel\ShapeStylePanel.vue", "vue", 0, 0, 0, 0, 0, 279, 0, 0, 0, 0, 28, 307
"e:\Code\WhatsPPT\src\views\Editor\Toolbar\ElementStylePanel\TableStylePanel.vue", "vue", 0, 0, 0, 0, 0, 374, 0, 0, 0, 0, 45, 419
"e:\Code\WhatsPPT\src\views\Editor\Toolbar\ElementStylePanel\TextStylePanel.vue", "vue", 0, 0, 0, 0, 0, 249, 0, 0, 0, 0, 21, 270
"e:\Code\WhatsPPT\src\views\Editor\Toolbar\ElementStylePanel\VideoStylePanel.vue", "vue", 0, 0, 0, 0, 0, 94, 0, 0, 0, 0, 12, 106
"e:\Code\WhatsPPT\src\views\Editor\Toolbar\ElementStylePanel\index.vue", "vue", 0, 0, 0, 0, 0, 35, 0, 0, 0, 0, 5, 40
"e:\Code\WhatsPPT\src\views\Editor\Toolbar\MultiPositionPanel.vue", "vue", 0, 0, 0, 0, 0, 52, 0, 0, 0, 0, 6, 58
"e:\Code\WhatsPPT\src\views\Editor\Toolbar\MultiStylePanel.vue", "vue", 0, 0, 0, 0, 0, 254, 0, 0, 0, 0, 21, 275
"e:\Code\WhatsPPT\src\views\Editor\Toolbar\SlideAnimationPanel.vue", "vue", 0, 0, 0, 0, 0, 237, 0, 0, 0, 0, 13, 250
"e:\Code\WhatsPPT\src\views\Editor\Toolbar\SlideDesignPanel.vue", "vue", 0, 0, 0, 0, 0, 543, 0, 0, 0, 0, 50, 593
"e:\Code\WhatsPPT\src\views\Editor\Toolbar\SymbolPanel.vue", "vue", 0, 0, 0, 0, 0, 66, 0, 0, 0, 0, 12, 78
"e:\Code\WhatsPPT\src\views\Editor\Toolbar\ThemeStylesExtract.vue", "vue", 0, 0, 0, 0, 0, 199, 0, 0, 0, 0, 19, 218
"e:\Code\WhatsPPT\src\views\Editor\Toolbar\common\ElementColorMask.vue", "vue", 0, 0, 0, 0, 0, 76, 0, 0, 0, 0, 11, 87
"e:\Code\WhatsPPT\src\views\Editor\Toolbar\common\ElementFilter.vue", "vue", 0, 0, 0, 0, 0, 177, 0, 0, 0, 0, 19, 196
"e:\Code\WhatsPPT\src\views\Editor\Toolbar\common\ElementFlip.vue", "vue", 0, 0, 0, 0, 0, 49, 0, 0, 0, 0, 8, 57
"e:\Code\WhatsPPT\src\views\Editor\Toolbar\common\ElementOpacity.vue", "vue", 0, 0, 0, 0, 0, 44, 0, 0, 0, 0, 7, 51
"e:\Code\WhatsPPT\src\views\Editor\Toolbar\common\ElementOutline.vue", "vue", 0, 0, 0, 0, 0, 121, 0, 0, 0, 0, 12, 133
"e:\Code\WhatsPPT\src\views\Editor\Toolbar\common\ElementShadow.vue", "vue", 0, 0, 0, 0, 0, 109, 0, 0, 0, 0, 9, 118
"e:\Code\WhatsPPT\src\views\Editor\Toolbar\common\RichTextBase.vue", "vue", 0, 0, 0, 0, 0, 359, 0, 0, 0, 0, 27, 386
"e:\Code\WhatsPPT\src\views\Editor\Toolbar\common\SVGLine.vue", "vue", 0, 0, 0, 0, 0, 62, 0, 0, 0, 0, 7, 69
"e:\Code\WhatsPPT\src\views\Editor\Toolbar\index.vue", "vue", 0, 0, 0, 0, 0, 103, 0, 0, 0, 0, 12, 115
"e:\Code\WhatsPPT\src\views\Editor\index.vue", "vue", 0, 0, 0, 0, 0, 93, 0, 0, 0, 0, 10, 103
"e:\Code\WhatsPPT\src\views\Mobile\MobileEditor\ElementToolbar.vue", "vue", 0, 0, 0, 0, 0, 259, 0, 0, 0, 0, 32, 291
"e:\Code\WhatsPPT\src\views\Mobile\MobileEditor\Header.vue", "vue", 0, 0, 0, 0, 0, 45, 0, 0, 0, 0, 5, 50
"e:\Code\WhatsPPT\src\views\Mobile\MobileEditor\MobileEditableElement.vue", "vue", 0, 0, 0, 0, 0, 47, 0, 0, 0, 0, 4, 51
"e:\Code\WhatsPPT\src\views\Mobile\MobileEditor\MobileOperate.vue", "vue", 0, 0, 0, 0, 0, 70, 0, 0, 0, 0, 9, 79
"e:\Code\WhatsPPT\src\views\Mobile\MobileEditor\SlideToolbar.vue", "vue", 0, 0, 0, 0, 0, 126, 0, 0, 0, 0, 17, 143
"e:\Code\WhatsPPT\src\views\Mobile\MobileEditor\index.vue", "vue", 0, 0, 0, 0, 0, 129, 0, 0, 0, 0, 18, 147
"e:\Code\WhatsPPT\src\views\Mobile\MobilePlayer.vue", "vue", 0, 0, 0, 0, 0, 230, 0, 0, 0, 0, 26, 256
"e:\Code\WhatsPPT\src\views\Mobile\MobilePreview.vue", "vue", 0, 0, 0, 0, 0, 79, 0, 0, 0, 0, 11, 90
"e:\Code\WhatsPPT\src\views\Mobile\MobileThumbnails.vue", "vue", 0, 0, 0, 0, 0, 90, 0, 0, 0, 0, 11, 101
"e:\Code\WhatsPPT\src\views\Mobile\index.vue", "vue", 0, 0, 0, 0, 0, 30, 0, 0, 0, 0, 6, 36
"e:\Code\WhatsPPT\src\views\Screen\BaseView.vue", "vue", 0, 0, 0, 0, 0, 252, 0, 0, 0, 0, 23, 275
"e:\Code\WhatsPPT\src\views\Screen\CountdownTimer.vue", "vue", 0, 0, 0, 0, 0, 179, 0, 0, 0, 0, 24, 203
"e:\Code\WhatsPPT\src\views\Screen\PresenterView.vue", "vue", 0, 0, 0, 0, 0, 305, 0, 0, 0, 0, 34, 339
"e:\Code\WhatsPPT\src\views\Screen\ScreenElement.vue", "vue", 0, 0, 0, 0, 0, 96, 0, 0, 0, 0, 13, 109
"e:\Code\WhatsPPT\src\views\Screen\ScreenSlide.vue", "vue", 0, 0, 0, 0, 0, 57, 0, 0, 0, 0, 7, 64
"e:\Code\WhatsPPT\src\views\Screen\ScreenSlideList.vue", "vue", 0, 0, 0, 0, 0, 191, 0, 0, 0, 0, 11, 202
"e:\Code\WhatsPPT\src\views\Screen\SlideThumbnails.vue", "vue", 0, 0, 0, 0, 0, 80, 0, 0, 0, 0, 14, 94
"e:\Code\WhatsPPT\src\views\Screen\WritingBoardTool.vue", "vue", 0, 0, 0, 0, 0, 228, 0, 0, 0, 0, 24, 252
"e:\Code\WhatsPPT\src\views\Screen\hooks\useExecPlay.ts", "TypeScript", 0, 0, 0, 0, 201, 0, 0, 0, 0, 25, 38, 264
"e:\Code\WhatsPPT\src\views\Screen\hooks\useFullscreen.ts", "TypeScript", 0, 0, 0, 0, 31, 0, 0, 0, 0, 0, 7, 38
"e:\Code\WhatsPPT\src\views\Screen\hooks\useSlideSize.ts", "TypeScript", 0, 0, 0, 0, 40, 0, 0, 0, 0, 1, 6, 47
"e:\Code\WhatsPPT\src\views\Screen\hooks\useSlidesWithTurningMode.ts", "TypeScript", 0, 0, 0, 0, 24, 0, 0, 0, 0, 0, 3, 27
"e:\Code\WhatsPPT\src\views\Screen\index.vue", "vue", 0, 0, 0, 0, 0, 31, 0, 0, 0, 0, 8, 39
"e:\Code\WhatsPPT\src\views\components\ThumbnailSlide\ThumbnailElement.vue", "vue", 0, 0, 0, 0, 0, 46, 0, 0, 0, 0, 4, 50
"e:\Code\WhatsPPT\src\views\components\ThumbnailSlide\index.vue", "vue", 0, 0, 0, 0, 0, 71, 0, 0, 0, 0, 7, 78
"e:\Code\WhatsPPT\src\views\components\element\AudioElement\AudioPlayer.vue", "vue", 0, 0, 0, 0, 0, 440, 0, 0, 0, 0, 63, 503
"e:\Code\WhatsPPT\src\views\components\element\AudioElement\BaseAudioElement.vue", "vue", 0, 0, 0, 0, 0, 54, 0, 0, 0, 0, 5, 59
"e:\Code\WhatsPPT\src\views\components\element\AudioElement\ScreenAudioElement.vue", "vue", 0, 0, 0, 0, 0, 105, 0, 0, 0, 0, 16, 121
"e:\Code\WhatsPPT\src\views\components\element\AudioElement\index.vue", "vue", 0, 0, 0, 0, 0, 106, 0, 0, 0, 0, 15, 121
"e:\Code\WhatsPPT\src\views\components\element\ChartElement\BaseChartElement.vue", "vue", 0, 0, 0, 0, 0, 63, 0, 0, 0, 0, 5, 68
"e:\Code\WhatsPPT\src\views\components\element\ChartElement\Chart.vue", "vue", 0, 0, 0, 0, 0, 72, 0, 0, 0, 0, 11, 83
"e:\Code\WhatsPPT\src\views\components\element\ChartElement\chartOption.ts", "TypeScript", 0, 0, 0, 0, 281, 0, 0, 0, 0, 6, 6, 293
"e:\Code\WhatsPPT\src\views\components\element\ChartElement\index.vue", "vue", 0, 0, 0, 0, 0, 80, 0, 0, 0, 0, 9, 89
"e:\Code\WhatsPPT\src\views\components\element\ElementOutline.vue", "vue", 0, 0, 0, 0, 0, 43, 0, 0, 0, 0, 5, 48
"e:\Code\WhatsPPT\src\views\components\element\ImageElement\BaseImageElement.vue", "vue", 0, 0, 0, 0, 0, 97, 0, 0, 0, 0, 12, 109
"e:\Code\WhatsPPT\src\views\components\element\ImageElement\ImageClipHandler.vue", "vue", 0, 0, 0, 0, 0, 574, 0, 0, 0, 0, 73, 647
"e:\Code\WhatsPPT\src\views\components\element\ImageElement\ImageOutline\ImageEllipseOutline.vue", "vue", 0, 0, 0, 0, 0, 47, 0, 0, 0, 0, 4, 51
"e:\Code\WhatsPPT\src\views\components\element\ImageElement\ImageOutline\ImagePolygonOutline.vue", "vue", 0, 0, 0, 0, 0, 45, 0, 0, 0, 0, 4, 49
"e:\Code\WhatsPPT\src\views\components\element\ImageElement\ImageOutline\ImageRectOutline.vue", "vue", 0, 0, 0, 0, 0, 50, 0, 0, 0, 0, 4, 54
"e:\Code\WhatsPPT\src\views\components\element\ImageElement\ImageOutline\index.vue", "vue", 0, 0, 0, 0, 0, 37, 0, 0, 0, 0, 4, 41
"e:\Code\WhatsPPT\src\views\components\element\ImageElement\index.vue", "vue", 0, 0, 0, 0, 0, 167, 0, 0, 0, 0, 27, 194
"e:\Code\WhatsPPT\src\views\components\element\ImageElement\useClipImage.ts", "TypeScript", 0, 0, 0, 0, 45, 0, 0, 0, 0, 0, 8, 53
"e:\Code\WhatsPPT\src\views\components\element\ImageElement\useFilter.ts", "TypeScript", 0, 0, 0, 0, 16, 0, 0, 0, 0, 0, 2, 18
"e:\Code\WhatsPPT\src\views\components\element\LatexElement\BaseLatexElement.vue", "vue", 0, 0, 0, 0, 0, 59, 0, 0, 0, 0, 5, 64
"e:\Code\WhatsPPT\src\views\components\element\LatexElement\index.vue", "vue", 0, 0, 0, 0, 0, 82, 0, 0, 0, 0, 9, 91
"e:\Code\WhatsPPT\src\views\components\element\LineElement\BaseLineElement.vue", "vue", 0, 0, 0, 0, 0, 91, 0, 0, 0, 0, 11, 102
"e:\Code\WhatsPPT\src\views\components\element\LineElement\LinePointMarker.vue", "vue", 0, 0, 0, 0, 0, 40, 0, 0, 0, 0, 5, 45
"e:\Code\WhatsPPT\src\views\components\element\LineElement\index.vue", "vue", 0, 0, 0, 0, 0, 121, 0, 0, 0, 0, 14, 135
"e:\Code\WhatsPPT\src\views\components\element\ProsemirrorEditor.vue", "vue", 0, 0, 0, 0, 0, 295, 0, 0, 0, 0, 29, 324
"e:\Code\WhatsPPT\src\views\components\element\ShapeElement\BaseShapeElement.vue", "vue", 0, 0, 0, 0, 0, 127, 0, 0, 0, 0, 13, 140
"e:\Code\WhatsPPT\src\views\components\element\ShapeElement\GradientDefs.vue", "vue", 0, 0, 0, 0, 0, 27, 0, 0, 0, 0, 3, 30
"e:\Code\WhatsPPT\src\views\components\element\ShapeElement\index.vue", "vue", 0, 0, 0, 0, 0, 216, 0, 0, 0, 0, 30, 246
"e:\Code\WhatsPPT\src\views\components\element\TableElement\BaseTableElement.vue", "vue", 0, 0, 0, 0, 0, 47, 0, 0, 0, 0, 5, 52
"e:\Code\WhatsPPT\src\views\components\element\TableElement\CustomTextarea.vue", "vue", 0, 0, 0, 0, 0, 78, 0, 0, 0, 0, 15, 93
"e:\Code\WhatsPPT\src\views\components\element\TableElement\EditableTable.vue", "vue", 0, 0, 0, 0, 0, 732, 0, 0, 0, 0, 108, 840
"e:\Code\WhatsPPT\src\views\components\element\TableElement\StaticTable.vue", "vue", 0, 0, 0, 0, 0, 130, 0, 0, 0, 0, 13, 143
"e:\Code\WhatsPPT\src\views\components\element\TableElement\index.vue", "vue", 0, 0, 0, 0, 0, 174, 0, 0, 0, 0, 31, 205
"e:\Code\WhatsPPT\src\views\components\element\TableElement\useHideCells.ts", "TypeScript", 0, 0, 0, 0, 24, 0, 0, 0, 0, 1, 6, 31
"e:\Code\WhatsPPT\src\views\components\element\TableElement\useSubThemeColor.ts", "TypeScript", 0, 0, 0, 0, 14, 0, 0, 0, 0, 1, 3, 18
"e:\Code\WhatsPPT\src\views\components\element\TableElement\utils.ts", "TypeScript", 0, 0, 0, 0, 31, 0, 0, 0, 0, 4, 4, 39
"e:\Code\WhatsPPT\src\views\components\element\TextElement\BaseTextElement.vue", "vue", 0, 0, 0, 0, 0, 79, 0, 0, 0, 0, 8, 87
"e:\Code\WhatsPPT\src\views\components\element\TextElement\index.vue", "vue", 0, 0, 0, 0, 0, 193, 0, 0, 0, 1, 27, 221
"e:\Code\WhatsPPT\src\views\components\element\VideoElement\BaseVideoElement.vue", "vue", 0, 0, 0, 0, 0, 49, 0, 0, 0, 0, 4, 53
"e:\Code\WhatsPPT\src\views\components\element\VideoElement\ScreenVideoElement.vue", "vue", 0, 0, 0, 0, 0, 55, 0, 0, 0, 0, 8, 63
"e:\Code\WhatsPPT\src\views\components\element\VideoElement\VideoPlayer\index.vue", "vue", 0, 0, 0, 0, 0, 617, 0, 0, 0, 0, 76, 693
"e:\Code\WhatsPPT\src\views\components\element\VideoElement\VideoPlayer\useMSE.ts", "TypeScript", 0, 0, 0, 0, 34, 0, 0, 0, 0, 2, 5, 41
"e:\Code\WhatsPPT\src\views\components\element\VideoElement\index.vue", "vue", 0, 0, 0, 0, 0, 101, 0, 0, 0, 0, 10, 111
"e:\Code\WhatsPPT\src\views\components\element\hooks\useElementFlip.ts", "TypeScript", 0, 0, 0, 0, 13, 0, 0, 0, 0, 1, 4, 18
"e:\Code\WhatsPPT\src\views\components\element\hooks\useElementOutline.ts", "TypeScript", 0, 0, 0, 0, 19, 0, 0, 0, 0, 1, 3, 23
"e:\Code\WhatsPPT\src\views\components\element\hooks\useElementShadow.ts", "TypeScript", 0, 0, 0, 0, 14, 0, 0, 0, 0, 1, 2, 17
"e:\Code\WhatsPPT\tsconfig.app.json", "JSON", 0, 13, 0, 0, 0, 0, 0, 0, 0, 0, 1, 14
"e:\Code\WhatsPPT\tsconfig.json", "JSON with Comments", 0, 0, 11, 0, 0, 0, 0, 0, 0, 0, 1, 12
"e:\Code\WhatsPPT\tsconfig.node.json", "JSON", 0, 17, 0, 0, 0, 0, 0, 0, 0, 0, 1, 18
"e:\Code\WhatsPPT\vite.config.ts", "TypeScript", 0, 0, 0, 0, 28, 0, 0, 0, 0, 8, 3, 39
"Total", "-", 1069, 31590, 11, 61, 12666, 24265, 321, 82, 25, 968, 4834, 75892